domain,researcher,unique_id,block_order,mean_rt,perc_acc,D_tt1,D_tt2,D_tt3,D_tt4,D_odd,D_even,gender,age
Friend-enemy,Chad,chad friendenemy_103,1,1447,0.92,0.83,0.69,-0.1,0.96,0.55,0.62,Male,18
Friend-enemy,Chad,chad friendenemy_105,1,1423,0.94,-0.02,0.81,-0.11,0.45,0.15,0.38,Female,18
Friend-enemy,Chad,chad friendenemy_110,1,1360,0.88,0.24,1.05,0.23,0.74,0.64,0.54,Female,18
Friend-enemy,Chad,chad friendenemy_112,1,1423,0.94,0.79,0.14,-0.12,0.59,0.2,0.41,Male,18
Friend-enemy,Chad,chad friendenemy_117,1,1547,0.93,0.27,0.59,-0.42,-0.18,0.47,-0.23,Female,23
Friend-enemy,Chad,chad friendenemy_119,1,1703,0.97,-0.12,0.44,0.28,0.54,0.1,0.5,Female,18
Friend-enemy,Chad,chad friendenemy_124,1,1480,0.95,0.53,-0.01,-0.44,0.41,0.18,-0.01,Female,18
Friend-enemy,Chad,chad friendenemy_131,1,1422,0.94,0.08,0.73,0.33,0.17,0.44,0.38,Female,19
Friend-enemy,Chad,chad friendenemy_133,1,1516,0.9,0.57,0.04,-0.47,0.52,-0.03,0.16,Female,18
Friend-enemy,Chad,chad friendenemy_138,1,1139,0.93,0.52,0.13,0.39,0.08,0.24,0.32,Female,20
Friend-enemy,Chad,chad friendenemy_140,1,1533,0.97,0.33,0.4,0.45,1.1,0.5,0.71,Female,18
Friend-enemy,Chad,chad friendenemy_145,1,1513,0.94,0.13,0.23,-0.64,-0.12,-0.44,0.29,Female,20
Friend-enemy,Chad,chad friendenemy_147,1,1375,0.97,-0.12,0.27,-0.39,0.28,-0.04,-0.03,Female,21
Friend-enemy,Chad,chad friendenemy_152,1,1785,0.85,0.51,0.65,-0.45,0.37,0.54,0.11,Female,19
Friend-enemy,Chad,chad friendenemy_154,1,1178,0.99,0.59,0.37,-0.07,0.42,0.31,0.45,Female,18
Friend-enemy,Chad,chad friendenemy_159,1,1501,0.92,0.24,0.2,-0.2,0.32,0.12,0.26,Female,18
Friend-enemy,Chad,chad friendenemy_161,1,1422,0.94,0.2,-0.16,-0.76,-0.04,-0.12,-0.21,Female,18
Friend-enemy,Chad,chad friendenemy_166,1,1506,0.95,0.84,0.62,-0.17,-0.02,0.32,0.3,Female,18
Friend-enemy,Chad,chad friendenemy_168,1,1313,0.97,0.8,0.2,-0.25,-0.29,0.14,0.11,Male,19
Friend-enemy,Chad,chad friendenemy_173,1,1606,0.91,0.2,-0.04,-0.08,-0.06,0.02,0.27,Female,18
Friend-enemy,Chad,chad friendenemy_175,1,1652,0.92,0.86,-0.08,-0.41,0.1,-0.21,0.39,Female,20
Friend-enemy,Chad,chad friendenemy_180,1,1333,0.92,0.65,0.7,-0.24,0.42,0.49,0.45,Male,18
Friend-enemy,Chad,chad friendenemy_182,1,1747,0.97,0.58,0,-0.29,0.41,0.16,0.33,Male,19
Friend-enemy,Chad,chad friendenemy_187,1,2952,0.9,-0.2,0.13,0.15,0.18,0.09,0.05,Male,18
Friend-enemy,Chad,chad friendenemy_189,1,1590,0.99,0.5,0.02,-0.3,-0.54,-0.06,-0.2,Female,19
Friend-enemy,Chad,chad friendenemy_203,1,1993,0.91,0.39,0.13,0.15,0.05,-0.02,0.46,Female,18
Friend-enemy,Chad,chad friendenemy_212,1,1467,0.94,0.43,1.1,-0.13,-0.56,0.41,-0.05,Male,18
Friend-enemy,Chad,chad friendenemy_217,1,2676,0.82,-0.02,0.31,-0.91,0.4,-0.12,0.05,Male,18
Friend-enemy,Chad,chad friendenemy_219,1,1840,0.85,0.5,-0.1,-0.05,-0.19,0.1,0.07,Male,19
Friend-enemy,Chad,chad friendenemy_224,1,1406,0.95,0.5,-0.28,-0.22,-0.13,0.14,-0.34,Female,21
Friend-enemy,Chad,chad friendenemy_226,1,1754,0.9,0.61,0.74,-0.17,0.55,0.13,0.6,Female,19
Friend-enemy,Chad,chad friendenemy_303,1,1732,0.9,0.68,0.08,-0.34,-0.03,0.03,0.04,Male,18
Friend-enemy,Chad,chad friendenemy_305,1,1539,0.9,0.84,0.77,0.26,0.69,0.7,0.61,Female,18
Friend-enemy,Chad,chad friendenemy_310,1,1764,0.88,0.33,0.46,-0.64,0.39,0.07,0.13,Female,21
Friend-enemy,Chad,chad friendenemy_312,1,1288,0.92,0.86,0.47,-0.57,0.02,0.07,0.36,Female,19
Friend-enemy,Chad,chad friendenemy_317,1,1607,0.92,0.6,1.07,0.13,0.71,0.29,0.88,Female,18
Friend-enemy,Chad,chad friendenemy_319,1,1291,0.94,0.42,0.23,-0.18,0.37,-0.02,0.52,Female,18
Friend-enemy,Chad,chad friendenemy_324,1,1731,0.85,0.44,0.19,-0.12,0.14,0.34,-0.11,Male,26
Friend-enemy,Chad,chad friendenemy_326,1,1249,0.94,0.97,0.75,0.44,0.31,0.89,0.31,Male,19
Friend-enemy,Chad,chad friendenemy_331,1,1193,0.99,0.29,0.67,-0.27,-0.26,-0.3,0.42,Female,19
Friend-enemy,Chad,chad friendenemy_338,1,1625,0.98,0.16,-0.26,0.06,-0.45,-0.26,0.08,Female,18
Friend-enemy,Chad,chad friendenemy_340,1,1752,0.86,0.67,0.2,0.25,0.54,0.43,0.59,Female,19
Friend-enemy,Chad,chad friendenemy_345,1,1948,0.86,0.28,0.03,-0.03,0.41,0.11,0.22,Female,21
Friend-enemy,Chad,chad friendenemy_347,1,2055,0.91,0.28,-0.23,-0.32,-0.21,-0.16,-0.04,Male,28
Friend-enemy,Chad,chad friendenemy_352,1,1644,0.95,0.47,0.14,-0.21,-0.36,-0.25,0.29,Female,19
Friend-enemy,Chad,chad friendenemy_354,1,1380,0.99,0.12,0.02,-0.42,-0.23,-0.04,-0.02,Female,18
Friend-enemy,Chad,chad friendenemy_359,1,1874,0.92,0.21,-0.05,-0.1,0.39,0.16,-0.09,Female,19
Friend-enemy,Chad,chad friendenemy_361,1,1580,0.92,0.01,0.26,-0.28,0.26,-0.18,0.26,Male,18
Friend-enemy,Chad,chad friendenemy_366,1,1460,0.92,0.63,-0.06,-0.34,-0.21,0.07,0.01,Male,21
Friend-enemy,Chad,chad friendenemy_368,1,1891,0.81,0.4,0.7,-0.07,-0.43,0.29,0.06,Male,18
Friend-enemy,Chad,chad friendenemy_373,1,1467,0.97,-0.04,-0.06,0.05,-0.15,-0.32,0.17,Male,30
Friend-enemy,Chad,chad friendenemy_403,1,1629,0.88,0.88,0.42,-0.46,0.33,0.42,0.17,Female,18
Friend-enemy,Chad,chad friendenemy_405,1,1362,0.96,0.14,0.07,-0.64,-0.23,-0.16,-0.21,Female,18
Friend-enemy,Chad,chad friendenemy_410,1,1345,0.88,1.23,1,0.44,0.28,0.68,0.67,Female,18
Friend-enemy,Chad,chad friendenemy_412,1,1688,0.92,1.13,-0.11,-0.32,-0.46,0.1,0.12,Female,18
Friend-enemy,Chad,chad friendenemy_503,1,1795,0.9,0.82,0.04,0.54,0.14,0.21,0.51,Male,19
Friend-enemy,Chad,chad friendenemy_505,1,1736,0.9,0.46,0.2,0.19,0.33,0.47,0.13,Female,19
Friend-enemy,Chad,chad friendenemy_510,1,1499,0.95,0.77,0.91,-0.63,0.83,0.57,0.4,Female,19
Friend-enemy,Chad,chad friendenemy_512,1,1435,0.91,0.61,-0.02,0.18,0.11,0.35,-0.01,Female,18
Friend-enemy,Chad,chad friendenemy_517,1,1485,0.87,0.81,-0.63,-0.62,0.32,0,-0.1,Female,19
Friend-enemy,Chad,chad friendenemy_519,1,1273,0.91,0.78,0.41,-0.33,-0.42,0.05,0.19,Female,19
Friend-enemy,Chad,chad friendenemy_603,1,1860,0.94,0.07,0.5,0.3,-0.04,0.27,0.08,Female,19
Friend-enemy,Chad,chad friendenemy_605,1,1251,0.92,0.14,0.12,0.06,0.4,0.08,0.33,Male,18
Friend-enemy,Chad,chad friendenemy_610,1,1382,0.93,0.24,0.08,0.23,0.57,0.33,0.19,Male,19
Friend-enemy,Chad,chad friendenemy_612,1,1495,0.91,-0.6,0.46,-0.09,-0.06,-0.3,0.21,Male,18
Lincoln-Hitler,Chad,chad lincolnhitler_102,1,1500,0.92,0.31,0.55,0.26,0.46,0.45,0.31,Male,18
Lincoln-Hitler,Chad,chad lincolnhitler_104,1,1514,0.97,0.69,-0.45,0.58,0.89,0.47,0.31,Female,21
Lincoln-Hitler,Chad,chad lincolnhitler_108,1,1363,0.92,0.81,0.89,-0.36,-0.25,-0.06,0.7,Male,19
Lincoln-Hitler,Chad,chad lincolnhitler_109,1,2031,0.84,0.7,0.73,0.29,0.32,0.8,0.12,Female,18
Lincoln-Hitler,Chad,chad lincolnhitler_111,1,2284,0.94,-0.28,0.6,0.07,-0.06,0.2,0.2,Female,18
Lincoln-Hitler,Chad,chad lincolnhitler_115,1,1283,0.94,0.85,1.01,0.45,-0.07,0.79,0.28,Female,19
Lincoln-Hitler,Chad,chad lincolnhitler_116,1,1562,0.97,0.5,0.26,-0.3,-0.22,0.2,-0.14,Female,18
Lincoln-Hitler,Chad,chad lincolnhitler_118,1,1630,0.95,0.18,0.27,-0.26,0.46,0.26,0.11,Female,19
Lincoln-Hitler,Chad,chad lincolnhitler_122,1,1467,0.97,0.77,-0.22,-0.6,0.39,0.01,0.19,Female,20
Lincoln-Hitler,Chad,chad lincolnhitler_123,1,1339,0.94,0.72,0.31,-0.12,0.14,0.31,0.23,Female,18
Lincoln-Hitler,Chad,chad lincolnhitler_125,1,1475,0.91,0.54,0.78,0.75,0.13,0.79,0.51,Male,19
Lincoln-Hitler,Chad,chad lincolnhitler_129,1,1717,0.99,1.03,0.24,-0.2,0.74,0.18,0.4,Male,20
Lincoln-Hitler,Chad,chad lincolnhitler_130,1,2565,0.92,0.15,0.06,-0.42,0.45,0,-0.01,Female,18
Lincoln-Hitler,Chad,chad lincolnhitler_132,1,1955,0.8,0.68,0.48,0.02,0.23,0.15,0.4,Female,18
Lincoln-Hitler,Chad,chad lincolnhitler_136,1,1920,0.96,0.03,0.09,-0.43,0.04,-0.11,-0.11,Male,21
Lincoln-Hitler,Chad,chad lincolnhitler_137,1,1841,0.95,0.45,-0.13,0.27,-0.41,0.06,0.07,Female,18
Lincoln-Hitler,Chad,chad lincolnhitler_139,1,1685,0.92,0.52,0.07,-0.11,0.35,0.28,0.05,Female,19
Lincoln-Hitler,Chad,chad lincolnhitler_143,1,1193,0.96,-0.32,0.45,-0.15,-0.21,-0.33,0.07,Female,19
Lincoln-Hitler,Chad,chad lincolnhitler_144,1,1584,0.88,0.22,0.01,-0.24,0.22,0.15,-0.08,Female,18
Lincoln-Hitler,Chad,chad lincolnhitler_146,1,1622,0.89,0.71,0.12,0.97,1.26,0.73,0.82,Female,18
Lincoln-Hitler,Chad,chad lincolnhitler_150,1,1455,0.96,0.36,-0.23,-0.33,-0.46,0.07,-0.14,Female,18
Lincoln-Hitler,Chad,chad lincolnhitler_151,1,1651,0.85,-0.07,0.54,0.1,0.1,0.27,0.15,Male,18
Lincoln-Hitler,Chad,chad lincolnhitler_153,1,1841,0.9,0.33,0.28,-0.18,-0.01,-0.34,0.52,Female,18
Lincoln-Hitler,Chad,chad lincolnhitler_157,1,1633,0.91,0.53,0.5,-0.55,0.13,-0.06,0.32,Female,18
Lincoln-Hitler,Chad,chad lincolnhitler_158,1,1595,0.93,-0.23,0.34,-0.18,0.06,0.01,-0.1,Female,18
Lincoln-Hitler,Chad,chad lincolnhitler_160,1,1303,0.89,0.5,0.64,0.28,0.22,0.57,0.2,Female,18
Lincoln-Hitler,Chad,chad lincolnhitler_164,1,1356,0.96,0.03,-0.12,-0.61,0,0.06,-0.36,Male,20
Lincoln-Hitler,Chad,chad lincolnhitler_165,1,1494,0.9,0.19,0.18,-0.04,-0.15,-0.05,0.1,Female,19
Lincoln-Hitler,Chad,chad lincolnhitler_167,1,1727,0.92,0.35,-0.57,-0.86,0.18,-0.19,-0.13,Female,18
Lincoln-Hitler,Chad,chad lincolnhitler_171,1,1606,0.9,0.58,0.58,-0.58,0.32,-0.04,0.52,Male,19
Lincoln-Hitler,Chad,chad lincolnhitler_172,1,2080,0.86,0.25,0.29,0.25,0.35,0.38,0.24,Male,18
Lincoln-Hitler,Chad,chad lincolnhitler_174,1,1993,0.81,-0.6,-0.63,0.39,0.15,-0.26,-0.11,Female,18
Lincoln-Hitler,Chad,chad lincolnhitler_178,1,1279,0.94,1.05,0.24,-0.59,0.41,0.43,0.15,Female,20
Lincoln-Hitler,Chad,chad lincolnhitler_179,1,1805,0.97,0.47,-0.05,0.46,0.21,0.6,-0.1,Female,19
Lincoln-Hitler,Chad,chad lincolnhitler_181,1,1403,0.93,0.24,-0.28,-0.53,-0.53,-0.3,-0.34,Female,21
Lincoln-Hitler,Chad,chad lincolnhitler_185,1,1806,0.88,-0.21,0.14,0.17,0.21,-0.22,0.42,Male,18
Lincoln-Hitler,Chad,chad lincolnhitler_186,1,1938,0.94,-0.39,-0.18,-0.45,-0.79,-0.37,-0.57,Male,18
Lincoln-Hitler,Chad,chad lincolnhitler_188,1,1704,0.86,0.56,0.1,-0.61,-0.41,-0.14,0.04,Female,18
Lincoln-Hitler,Chad,chad lincolnhitler_202,1,1345,0.9,0.12,0.38,-0.39,0.08,0.17,-0.01,Male,18
Lincoln-Hitler,Chad,chad lincolnhitler_204,1,1382,0.95,0.57,-0.22,-0.4,-0.21,-0.02,0.06,Female,18
Lincoln-Hitler,Chad,chad lincolnhitler_208,1,2026,0.94,0.49,0.89,-0.29,0.07,0.28,0.13,Male,18
Lincoln-Hitler,Chad,chad lincolnhitler_209,1,1804,0.98,-0.53,0.46,0,0.16,0.24,-0.2,Female,19
Lincoln-Hitler,Chad,chad lincolnhitler_211,1,2083,0.85,0.1,0.8,-0.01,-0.43,-0.12,0.24,Female,18
Lincoln-Hitler,Chad,chad lincolnhitler_215,1,1771,0.87,0.49,0.11,-0.23,-0.68,0.03,-0.17,Female,19
Lincoln-Hitler,Chad,chad lincolnhitler_216,1,1693,0.85,0.84,0.56,-0.05,0.49,0.58,0.39,Female,23
Lincoln-Hitler,Chad,chad lincolnhitler_222,1,1501,0.88,0.62,0.05,-0.5,0.35,-0.18,0.33,Male,22
Lincoln-Hitler,Chad,chad lincolnhitler_223,1,1962,0.65,-0.09,-0.13,0.41,0.24,0.24,0,Female,18
Lincoln-Hitler,Chad,chad lincolnhitler_225,1,1719,0.78,0.47,-0.23,0.47,-0.17,0.4,-0.19,Female,18
Lincoln-Hitler,Chad,chad lincolnhitler_302,1,1800,0.96,0.57,-0.1,-0.78,0.29,-0.07,0,Female,18
Lincoln-Hitler,Chad,chad lincolnhitler_304,1,1894,0.88,-0.01,-0.17,-0.26,1.05,0.16,0.39,Female,18
Lincoln-Hitler,Chad,chad lincolnhitler_309,1,1217,0.92,0.54,0.62,-0.63,-0.42,0.18,-0.21,Male,18
Lincoln-Hitler,Chad,chad lincolnhitler_311,1,1862,0.8,0.47,-0.16,-0.34,0.74,0.1,0.21,Female,18
Lincoln-Hitler,Chad,chad lincolnhitler_315,1,1402,0.94,0,-0.09,0.25,0.55,0.48,-0.12,Female,19
Lincoln-Hitler,Chad,chad lincolnhitler_316,1,1511,0.97,0.5,0.55,0.13,-0.65,0.15,0.08,Female,20
Lincoln-Hitler,Chad,chad lincolnhitler_318,1,1594,0.95,0.47,0.46,-0.56,0.39,0.43,-0.2,Female,21
Lincoln-Hitler,Chad,chad lincolnhitler_322,1,1629,0.92,0.88,0.11,-0.14,0.04,-0.05,0.32,Female,19
Lincoln-Hitler,Chad,chad lincolnhitler_323,1,1665,0.9,0.58,0.01,-0.39,0.11,0.16,-0.03,Female,18
Lincoln-Hitler,Chad,chad lincolnhitler_325,1,1667,0.92,0.6,-0.35,-1.21,-0.03,-0.13,-0.34,Female,18
Lincoln-Hitler,Chad,chad lincolnhitler_329,1,1136,0.97,-0.11,-0.04,-0.51,0.53,0.05,-0.2,Male,19
Lincoln-Hitler,Chad,chad lincolnhitler_332,1,2218,0.92,-0.14,-0.04,-0.14,-0.11,-0.39,0.11,Female,18
Lincoln-Hitler,Chad,chad lincolnhitler_336,1,1533,0.9,-0.22,0.4,0.02,-0.36,-0.16,-0.01,Female,19
Lincoln-Hitler,Chad,chad lincolnhitler_337,1,2007,0.93,0.16,0.47,-0.6,-0.58,-0.03,-0.31,Male,20
Lincoln-Hitler,Chad,chad lincolnhitler_339,1,1744,0.94,0.68,0.49,-0.6,0.1,0.02,0.21,Female,19
Lincoln-Hitler,Chad,chad lincolnhitler_343,1,1212,0.98,0.06,-0.04,-0.56,-0.55,-0.35,-0.23,Male,18
Lincoln-Hitler,Chad,chad lincolnhitler_344,1,1451,0.93,0.26,0.15,0.18,0.91,0.33,0.38,Female,29
Lincoln-Hitler,Chad,chad lincolnhitler_346,1,1451,0.85,0.1,0.05,-0.48,-0.12,-0.3,0.14,Female,18
Lincoln-Hitler,Chad,chad lincolnhitler_350,1,1734,0.85,0.37,-0.04,-0.02,-0.87,-0.17,-0.15,Female,18
Lincoln-Hitler,Chad,chad lincolnhitler_351,1,2391,0.87,0.13,0.15,-0.18,-0.05,-0.24,0.2,Male,18
Lincoln-Hitler,Chad,chad lincolnhitler_353,1,1430,0.92,0.45,0.28,-0.27,-0.68,0.16,-0.2,Male,18
Lincoln-Hitler,Chad,chad lincolnhitler_357,1,1307,0.85,-0.63,0.21,-0.05,-0.37,-0.08,-0.36,Male,19
Lincoln-Hitler,Chad,chad lincolnhitler_358,1,1926,0.96,0.45,0.04,0.12,0.17,0.22,0.23,Female,19
Lincoln-Hitler,Chad,chad lincolnhitler_360,1,1714,0.87,-0.07,-0.72,-0.08,-0.25,-0.04,-0.41,Female,18
Lincoln-Hitler,Chad,chad lincolnhitler_364,1,1343,0.93,-0.4,0.18,-0.24,-0.02,-0.09,0.13,Female,19
Lincoln-Hitler,Chad,chad lincolnhitler_365,1,2081,0.91,0.6,0.28,0.7,-0.55,0.07,0.43,Male,19
Lincoln-Hitler,Chad,chad lincolnhitler_367,1,2135,0.93,0.46,0.16,0.12,0.83,0.35,0.3,Male,19
Lincoln-Hitler,Chad,chad lincolnhitler_371,1,1509,0.92,0.45,-0.08,0.13,1.12,0.35,0.69,Female,18
Lincoln-Hitler,Chad,chad lincolnhitler_372,1,1415,0.94,0.09,0.33,0.02,-0.49,0.2,-0.24,Male,19
Lincoln-Hitler,Chad,chad lincolnhitler_374,1,1967,0.91,-0.23,-0.09,-0.14,0.13,-0.27,0.28,Female,20
Lincoln-Hitler,Chad,chad lincolnhitler_401,1,1746,0.94,1.12,-0.27,0.32,-0.01,0.42,0.15,Female,18
Lincoln-Hitler,Chad,chad lincolnhitler_402,1,1849,0.89,0.6,-0.31,-0.73,0.13,-0.21,0.24,Female,18
Lincoln-Hitler,Chad,chad lincolnhitler_404,1,1756,0.88,0.3,0.16,-0.35,0.18,-0.16,0.34,Female,19
Lincoln-Hitler,Chad,chad lincolnhitler_408,1,1346,0.85,0.32,0.31,-0.04,0.28,-0.09,0.43,Male,27
Lincoln-Hitler,Chad,chad lincolnhitler_409,1,1528,0.91,0.11,0.06,-0.44,-0.03,0.02,-0.08,Female,19
Lincoln-Hitler,Chad,chad lincolnhitler_411,1,2119,0.74,0.63,0.17,0.31,0.06,0.29,0.21,Male,18
Lincoln-Hitler,Chad,chad lincolnhitler_501,1,1303,0.9,-0.03,0.12,-0.27,0.07,-0.13,0.04,Female,18
Lincoln-Hitler,Chad,chad lincolnhitler_502,1,2443,0.85,-0.13,-0.26,0.2,0.2,0,0.09,Male,18
Lincoln-Hitler,Chad,chad lincolnhitler_504,1,1557,0.9,0.23,-0.11,-0.72,-0.27,-0.03,-0.33,Female,20
Lincoln-Hitler,Chad,chad lincolnhitler_508,1,1361,0.97,0.27,0.68,-0.77,-0.32,0.14,0.06,Female,18
Lincoln-Hitler,Chad,chad lincolnhitler_509,1,2064,0.9,-0.33,0.43,-0.28,0.12,0.21,-0.28,Female,19
Lincoln-Hitler,Chad,chad lincolnhitler_511,1,1582,0.9,0.27,-0.3,-0.67,0.19,0.26,-0.47,Female,18
Lincoln-Hitler,Chad,chad lincolnhitler_515,1,1305,0.93,0.32,0.53,0.16,0.27,0.42,0.22,Female,19
Lincoln-Hitler,Chad,chad lincolnhitler_516,1,1778,0.88,0.6,0.12,0.05,0.57,0.22,0.4,Female,20
Lincoln-Hitler,Chad,chad lincolnhitler_518,1,1790,0.97,0.69,0.87,0.21,0.56,0.28,0.71,Female,18
Lincoln-Hitler,Chad,chad lincolnhitler_601,1,1441,0.87,-0.15,0.24,-0.09,0.46,0.08,0.28,Female,19
Lincoln-Hitler,Chad,chad lincolnhitler_602,1,1649,0.92,0.07,-0.16,-0.34,0.17,0.03,-0.03,Female,19
Lincoln-Hitler,Chad,chad lincolnhitler_604,1,1537,0.97,-0.02,0.18,-0.38,-0.18,-0.08,-0.25,Female,19
Lincoln-Hitler,Chad,chad lincolnhitler_608,1,1356,0.88,0.14,0.09,-0.3,-0.19,-0.13,0,Female,18
Lincoln-Hitler,Chad,chad lincolnhitler_609,1,2108,0.82,0.95,-0.12,0.17,0.31,0.23,0.35,Male,18
Lincoln-Hitler,Chad,chad lincolnhitler_611,1,1498,0.88,0.53,0.11,-0.15,0.8,0.64,0.1,Male,18
Lincoln-Hitler,Chad,chad lincolnhitler_701,1,1739,0.9,1.13,0.49,-0.49,0.21,0.26,0.31,Female,19
Lincoln-Hitler,Chad,chad lincolnhitler_702,1,1451,0.93,0.46,0.54,0.73,0.5,0.8,0.56,Female,25
Race,Chad,chad race_3,1,1422,0.93,-0.31,-0.15,-0.55,0.54,-0.2,-0.11,Female,19
Race,Chad,chad race_7,2,1305,0.96,0.86,0.43,-0.37,0.6,0.48,0.38,Female,18
Race,Chad,chad race_11,1,1359,0.9,-0.24,0.08,-0.22,0.13,-0.06,-0.08,Female,19
Race,Chad,chad race_24,2,1417,0.86,-0.33,0.51,-0.73,-0.3,-0.31,-0.29,Female,19
Race,Chad,chad race_39,2,1545,0.8,-0.27,0.09,0.12,-0.05,0.07,-0.01,Female,19
Race,Chad,chad race_47,2,1261,0.85,0.69,0.36,0.29,0.06,0.39,0.32,Female,18
Race,Chad,chad race_103,1,1604,0.78,0.2,0.27,-0.85,-0.04,-0.22,0.04,Female,18
Race,Chad,chad race_107,2,1704,0.94,-0.15,0.34,-0.48,0.06,-0.22,0.34,Female,19
Race,Chad,chad race_111,1,1764,0.78,0.13,0.14,-0.32,-0.05,-0.05,-0.09,Female,19
Race,Chad,chad race_115,2,1433,0.9,0.17,-0.06,-1,-0.37,-0.45,-0.18,Female,18
Race,Chad,chad race_123,2,1176,0.93,0.65,0.34,-0.32,0.1,0.45,-0.01,Female,19
Race,Chad,chad race_127,1,1283,0.89,1.4,0.77,-0.1,-0.48,0.4,0.34,Female,19
Race,Chad,chad race_205,2,1423,0.94,0.2,0.49,-0.75,-0.09,0.09,-0.21,Male,20
Race,Chad,chad race_208,1,1515,0.84,1.15,0.32,0.12,0.1,0.65,0.31,Male,19
Race,Chad,chad race_211,2,1757,0.91,0.23,0.22,0.15,-0.07,0.4,0.01,Male,18
Race,Chad,chad race_214,1,1198,0.97,0.66,0.15,0.39,0.06,0.67,0.11,Male,21
Race,Chad,chad race_217,2,1273,0.96,-0.41,-0.67,-0.54,-0.62,-0.79,-0.36,Male,20
Race,Chad,chad race_220,1,1274,0.93,0.55,0.27,0.34,-0.05,0.28,0.28,Male,18
Race,Chad,chad race_223,2,1076,0.94,0.42,0.25,-0.23,-0.68,0.08,-0.11,Male,18
Race,Chad,chad race_227,1,1529,0.94,1.07,-0.3,-0.11,0.11,0.17,0.19,Male,19
Race,Chad,chad race_229,2,1696,0.88,0.38,0.63,-0.03,0.35,0.42,0.37,Male,24
Race,Chad,chad race_232,1,1202,0.93,0.01,0.4,-0.52,-0.79,0.04,-0.4,Male,19
Race,Chad,chad race_233,1,1695,0.93,0.39,-0.46,-0.32,0.25,-0.35,0.1,Male,19
Race,Chad,chad race_235,2,1628,0.79,-0.05,-0.47,-0.67,-0.39,-0.49,-0.27,Male,21
Race,Chad,chad race_236,2,1346,0.96,0.47,-0.27,0.6,0.32,0.46,0.09,Male,20
Race,Chad,chad race_238,1,1094,0.93,-0.21,0.03,-0.26,-0.28,0.02,-0.37,Male,19
Race,Chad,chad race_241,2,1563,0.8,-0.24,0.42,-0.05,-0.12,-0.37,0.07,Male,20
Race,Chad,chad race_244,1,1165,0.93,0.12,-0.14,0.07,0.47,0.18,0.01,Male,19
Race,Chad,chad race_247,1,1356,0.82,0.45,0.43,0.11,-0.03,0.24,0.26,Male,18
Race,Chad,chad race_250,1,1480,0.97,0.13,0.05,0.29,-0.1,0.12,-0.02,Male,19
Race,Chad,chad race_256,1,1115,0.92,-0.59,-0.14,-0.41,-0.22,-0.25,-0.36,Male,19
Race,Chad,chad race_259,2,1609,0.91,-0.35,0.17,-0.56,0.1,0.07,-0.29,Other,21
Race,Chad,chad race_265,2,1577,0.83,0.05,-0.26,0.16,-0.53,-0.17,-0.07,Male,19
Race,Chad,chad race_268,2,1831,0.87,-0.55,0.14,-0.49,-0.37,-0.24,-0.47,Male,18
Race,Chad,chad race_271,1,1521,0.96,1.05,-0.63,0.1,0.02,0.13,0.25,Male,20
Race,Chad,chad race_305,2,1520,0.89,0.73,0.62,0.04,0.04,0.39,0.36,Male,20
Race,Chad,chad race_308,1,1216,0.94,0.2,0.27,-0.12,0.42,0.46,-0.01,Male,22
Race,Chad,chad race_311,2,1444,0.92,0.47,0.09,0.17,0.05,0.19,0.31,Male,19
Race,Chad,chad race_312,2,1429,0.92,0.27,0.05,-0.62,-0.62,-0.1,-0.33,Male,18
Race,Chad,chad race_314,1,1300,0.85,0.83,0.63,-0.23,-0.55,0.21,0.29,Male,19
Race,Chad,chad race_317,2,2030,0.95,0.14,0.37,-0.35,-0.19,-0.15,0.01,Male,19
Race,Chad,chad race_320,1,1453,0.86,0.28,0.37,0.29,0.71,0.19,0.71,Male,20
Race,Chad,chad race_323,2,1523,0.81,0.62,0.41,0.03,-0.33,-0.06,0.36,Male,19
Race,Chad,chad race_326,1,1388,0.82,0.18,0.15,-0.59,0.43,0.11,-0.02,Male,19
Body image,Chad,chad bodyimage_9,2,1463,0.88,0.1,0.54,0.18,-0.49,0.02,0.18,Female,18
Body image,Chad,chad bodyimage_101,1,1247,0.97,0.07,-0.29,-0.16,-0.31,-0.34,-0.04,Female,22
Body image,Chad,chad bodyimage_109,1,1588,0.84,0.4,0.15,-0.81,0.16,0.03,0.05,Female,18
Body image,Chad,chad bodyimage_114,1,1575,0.81,-0.2,-0.15,-0.34,0.72,-0.09,0.06,Female,16
Body image,Chad,chad bodyimage_117,1,1477,0.85,0.44,0.21,0.68,0.76,0.57,0.43,Female,18
Body image,Chad,chad bodyimage_121,2,1329,0.94,0.63,0.13,0.19,0.35,0.11,0.46,Female,20
Body image,Chad,chad bodyimage_124,2,1372,0.95,0.23,-0.08,-0.1,0.54,-0.08,0.41,Female,19
Body image,Chad,chad bodyimage_125,1,1528,0.91,-0.05,0.53,0.46,0.25,0.3,0.37,Female,17
Body image,Chad,chad bodyimage_126,1,1787,0.72,-0.26,0.55,0.24,0.63,0.2,0.36,Female,20
Body image,Chad,chad bodyimage_13,2,1564,0.9,0.5,0.52,-0.09,-0.46,0.03,0.2,Female,19
Body image,Chad,chad bodyimage_17,1,1498,0.93,0.06,0.16,-0.17,0.08,0.32,-0.41,Female,19
Body image,Chad,chad bodyimage_18,1,1272,0.89,1.26,1.02,-0.19,0.32,0.73,0.43,Female,18
Body image,Chad,chad bodyimage_23,2,1235,0.83,0.33,0.25,0.21,0.24,0.22,0.22,Female,18
Body image,Chad,chad bodyimage_28,1,1619,0.89,0.22,0.37,-0.54,-0.64,-0.08,-0.06,Female,18
Body image,Chad,chad bodyimage_31,2,1113,0.92,0.37,0.22,-0.5,-0.33,0,-0.21,Female,20
Body image,Chad,chad bodyimage_33,1,1107,0.95,0.83,-0.08,-0.33,0.62,0,0.5,Female,22
Body image,Chad,chad bodyimage_36,1,1506,0.92,-0.15,0.29,0.42,0.06,0.1,0.19,Female,20
Body image,Chad,chad bodyimage_37,2,1631,0.87,0.77,0,-0.09,1.16,0.42,0.29,Female,19
Body image,Chad,chad bodyimage_38,2,1466,0.88,0.56,-0.33,-0.15,0.46,0.21,0.08,Female,19
Body image,Chad,chad bodyimage_41,1,1414,0.96,0.33,0.3,-0.15,0.14,0.32,0.06,Female,18
Body image,Chad,chad bodyimage_43,1,1239,0.93,0.02,0.75,-0.16,-0.17,-0.07,0.27,Female,18
Body image,Chad,chad bodyimage_45,2,1356,0.85,0.73,0.07,-0.88,-0.28,-0.36,0.14,Female,19
Body image,Chad,chad bodyimage_5,2,1292,0.9,-0.15,-0.35,-0.5,0.37,-0.06,-0.26,Female,19
Body image,Chad,chad bodyimage_1,1,1586,0.9,-0.05,-0.19,-0.25,-0.46,-0.08,-0.11,Female,19
Body image,Chad,chad bodyimage_106,2,1684,0.93,0.79,0.29,0.03,0.77,0.29,0.56,NA,NA
Body image,Chad,chad bodyimage_119,1,1582,0.63,-0.4,-0.42,-0.39,-0.45,-0.35,-0.45,Female,18
Body image,Chad,chad bodyimage_129,2,1737,0.88,0.84,-0.54,-0.33,-0.68,-0.21,-0.17,Female,22
Body image,Chad,chad bodyimage_21,2,1336,0.92,0.52,0.08,-0.13,0.17,0.26,0.12,Female,20
Body image,Chad,chad bodyimage_25,1,1622,0.66,0.83,-0.41,0.08,0.75,0.04,0.81,Female,19
Body image,Chad,chad bodyimage_29,2,1607,0.77,0.79,0.26,-0.75,0.06,0.06,0.12,Female,19
Body image,Chad,chad bodyimage_313,2,1537,0.85,1.22,-0.14,-0.42,0.73,0.37,0.38,Female,47
Religion,Chad,chad religion_8,1,1498,0.86,0.57,0.7,-0.17,0.05,0.12,0.36,Female,19
Religion,Chad,chad religion_12,1,1387,0.93,0.64,0.01,-0.62,-0.67,-0.06,-0.52,Female,18
Religion,Chad,chad religion_16,2,1772,0.93,0.9,-0.11,-0.28,-0.32,-0.03,0.09,Female,19
Religion,Chad,chad religion_20,1,1293,0.96,0.46,0.21,-0.86,-0.52,-0.13,-0.17,Female,19
Religion,Chad,chad religion_40,2,1566,0.9,-0.02,0.39,0.27,-0.13,0.34,-0.23,Female,20
Religion,Chad,chad religion_104,1,1770,0.91,0.95,0.17,0.13,0.28,0.43,0.23,Female,18
Religion,Chad,chad religion_108,2,1643,0.97,0.44,0,0.23,0.28,0.45,0.18,Female,60
Religion,Chad,chad religion_112,1,2147,0.81,-0.26,0.09,-0.32,0.03,-0.13,-0.16,Female,22
Religion,Chad,chad religion_116,2,1804,0.94,0.7,-0.17,0.14,0.4,0.31,0.19,Female,18
Religion,Chad,chad religion_120,1,1269,0.85,0.47,0.65,-0.61,-0.69,0.28,-0.24,Female,19
Religion,Chad,chad religion_128,1,1417,0.88,0.38,0.18,-0.08,0.13,0.54,-0.23,Female,18
Religion,Chad,chad religion_203,1,1404,0.83,-0.45,0.17,-0.33,-0.44,-0.57,0.17,Male,18
Religion,Chad,chad religion_206,2,1472,0.95,-0.03,-0.26,-0.23,-0.21,-0.12,-0.17,Male,19
Religion,Chad,chad religion_209,1,1404,0.99,-0.44,-0.6,-0.11,0.06,-0.29,-0.15,Male,18
Religion,Chad,chad religion_212,2,1668,0.83,0.71,0.53,1.03,0.47,0.38,0.92,Male,19
Religion,Chad,chad religion_215,1,1477,0.89,-0.44,-0.01,-0.61,-0.29,-0.01,-0.57,Male,20
Religion,Chad,chad religion_239,1,1526,0.91,0.43,0.63,-0.18,-0.19,0.54,-0.04,Male,20
Religion,Chad,chad religion_242,2,1567,0.85,0.18,-0.14,-0.1,-0.49,-0.05,-0.06,Male,19
Religion,Chad,chad religion_248,2,1421,0.95,0.58,0.14,-0.43,0.53,-0.03,0.61,Male,18
Religion,Chad,chad religion_251,1,1468,0.92,-0.01,-0.18,-0.03,-0.06,-0.18,0.1,Male,22
Religion,Chad,chad religion_254,2,1050,0.8,0.35,0.64,-0.49,-0.25,0.17,-0.14,Male,20
Religion,Chad,chad religion_257,1,1387,0.94,0.47,0,-0.55,-0.25,0.11,-0.12,Male,20
Religion,Chad,chad religion_260,2,1326,0.89,0.48,0.2,-0.79,-0.09,0.21,-0.16,Male,18
Religion,Chad,chad religion_266,2,1245,0.93,0.74,0.06,-0.64,-0.24,-0.2,0.26,Male,20
Religion,Chad,chad religion_269,1,1411,0.9,0.05,0.27,-0.53,-0.24,-0.13,-0.22,Male,20
Religion,Chad,chad religion_272,2,1872,0.82,0.02,0.1,-0.78,0.04,-0.31,0.02,Male,21
Religion,Chad,chad religion_306,2,1393,0.97,0.52,-0.06,-0.45,-0.34,0,-0.18,Male,19
Religion,Chad,chad religion_309,1,1794,0.81,0.56,-0.33,-0.43,-0.06,-0.45,0.27,Male,18
Religion,Chad,chad religion_318,2,1227,0.91,0.35,0.74,-0.04,-0.71,0.28,-0.13,Male,20
Religion,Chad,chad religion_321,1,1519,0.89,0.25,-0.43,-0.6,0.63,-0.17,0.04,Male,18
Religion,Chad,chad religion_324,2,1715,0.83,0.6,-0.39,0.5,0.13,0.24,0.1,Male,22
Religion,Chad,chad religion_4,1,1662,0.79,0.17,0.36,-0.31,0.19,0.32,0.09,Female,18
Religion,Chad,chad religion_32,2,1128,0.52,0.23,-0.72,-0.06,-0.2,0.03,-0.47,Female,18
Religion,Chad,chad religion_44,1,1606,0.84,-0.88,0.47,0.01,0.23,-0.16,0.04,Female,18
Religion,Chad,chad religion_221,2,1331,0.59,0.01,0.3,0.14,-0.57,0.23,-0.36,Male,19
Religion,Chad,chad religion_245,1,1743,0.84,0.26,0.02,-0.43,0.01,0.14,-0.15,Male,22
Religion,Chad,chad religion_263,1,1706,0.78,0.77,0.04,-0.29,0.26,0.03,0.46,Male,19
Religion,Chad,chad religion_303,1,2094,0.78,0.78,0.25,0.08,-0.17,0.15,0.33,Male,21
Race,dearbhail,ian race dearbhail_1,1,2023,0.94,0.46,0.08,-0.28,0.25,0.37,-0.01,Male,22
Race,dearbhail,ian race dearbhail_2,2,1400,0.96,0.74,0.09,-0.16,-0.44,0.26,-0.07,Male,21
Race,dearbhail,ian race dearbhail_3,1,1341,0.87,0.3,0.15,-0.02,0.24,0.05,0.11,Female,22
Race,dearbhail,ian race dearbhail_4,2,1564,0.88,0.32,0.18,-0.22,0.06,0.13,-0.06,Female,21
Race,dearbhail,ian race dearbhail_5,1,1506,0.94,0.65,-0.29,0.26,0.16,0.21,0.2,Male,25
Race,dearbhail,ian race dearbhail_7,1,1454,0.88,0.15,-0.27,-0.18,-0.24,-0.06,-0.17,Female,22
Race,dearbhail,ian race dearbhail_8,2,1265,0.94,0.8,0.54,-0.5,-0.14,0.24,0.24,Female,21
Race,dearbhail,ian race dearbhail_9,1,1697,0.9,0.33,0.28,-0.37,0.05,0.15,0.05,Male,20
Race,dearbhail,ian race dearbhail_10,2,1959,0.93,0.12,0.02,0.18,-0.15,-0.13,0.29,Male,18
Race,dearbhail,ian race dearbhail_11,1,1163,0.88,0.67,-0.1,-0.21,0.05,0.23,0,Female,23
Race,dearbhail,ian race dearbhail_12,2,1320,0.92,0.57,0.11,0.13,0.64,0.43,0.22,Female,20
Race,dearbhail,ian race dearbhail_13,1,1572,0.98,-0.15,0.28,-0.38,-0.21,-0.25,-0.02,Male,23
Race,dearbhail,ian race dearbhail_14,2,1260,0.93,-0.02,-0.26,0.21,0.43,-0.18,0.26,Male,19
Race,dearbhail,ian race dearbhail_15,1,1397,0.94,0.74,0.56,0.59,0.51,0.41,0.85,Female,23
Race,dearbhail,ian race dearbhail_16,2,1321,0.87,0.07,-0.23,-0.55,-0.01,-0.18,-0.12,Female,21
Race,dearbhail,ian race dearbhail_17,1,1364,0.93,0.55,-0.12,0.1,0.31,0.34,0.1,Male,22
Race,dearbhail,ian race dearbhail_18,2,1412,0.94,0.42,-0.27,-0.43,0.59,0.32,-0.28,Male,17
Race,dearbhail,ian race dearbhail_19,1,1213,0.93,0.12,0.56,-0.16,0.38,0.23,0.14,Female,23
Race,dearbhail,ian race dearbhail_20,2,1723,0.9,0.73,0.36,0.59,-0.08,0.57,0.22,Female,19
Race,dearbhail,ian race dearbhail_21,1,1211,0.93,0.63,-0.26,-0.44,-0.18,-0.28,0.34,Male,21
Race,dearbhail,ian race dearbhail_22,2,1696,0.84,0.08,-0.22,-0.72,-0.09,-0.21,-0.2,Male,55
Race,dearbhail,ian race dearbhail_23,1,1617,0.92,0.44,0.49,0.06,0.25,0.23,0.26,Female,19
Race,dearbhail,ian race dearbhail_24,2,1383,0.96,-0.14,-0.03,-0.18,0.35,0.08,0,Female,23
Race,dearbhail,ian race dearbhail_25,1,1400,0.95,0.68,0.03,-0.27,-0.16,0.05,0.14,Male,24
Race,dearbhail,ian race dearbhail_26,2,1660,0.95,0.08,0.54,-0.31,0.32,0.25,0.12,Male,49
Race,dearbhail,ian race dearbhail_27,1,1825,0.98,-0.1,-0.29,0.34,0.76,0.31,0.05,Female,18
Race,dearbhail,ian race dearbhail_28,2,2221,0.84,0.56,-0.26,-0.53,0.11,0.27,-0.3,Female,18
Race,dearbhail,ian race dearbhail_31,1,1761,0.94,0.6,0.11,-0.1,-0.07,0.26,0.05,Female,22
Race,dearbhail,ian race dearbhail_32,2,1475,0.9,0.66,0.48,-0.06,-0.22,0.06,0.36,Female,18
Race,dearbhail,ian race dearbhail_35,1,1653,0.87,0.64,0.73,-0.24,0.11,0.37,0.38,Female,50
Race,dearbhail,ian race dearbhail_36,2,1486,0.92,0.75,0.02,-0.16,0.5,0.05,0.45,Female,28
Race,dearbhail,ian race dearbhail_39,1,1598,0.84,0.81,0.55,-0.13,0.43,0.54,0.32,Female,52
Race,dearbhail,ian race dearbhail_40,2,1635,0.86,1.12,0.07,0.18,0.23,0.26,0.63,Female,49
Race,dearbhail,ian race dearbhail_43,1,1380,0.91,0.22,0.08,0.14,0.16,0.25,0.15,Female,17
Race,dearbhail,ian race dearbhail_44,2,1285,0.95,-0.42,0.33,-0.55,-0.22,-0.07,-0.35,Female,25
Race,dearbhail,ian race dearbhail_47,1,1218,0.96,0.17,0.56,-0.56,-0.47,-0.02,-0.1,Female,23
Race,katie,ian race katie_1,1,1491,0.94,0.76,-0.01,-0.4,0.43,0.34,0.12,Male,19
Race,katie,ian race katie_2,1,1565,0.92,0.53,-0.11,-0.2,0.23,-0.05,0.22,Female,18
Race,katie,ian race katie_3,2,1646,0.98,-0.5,0.29,-0.2,0.51,0.32,-0.16,Female,20
Race,katie,ian race katie_6,1,1420,0.95,0.46,0.46,-0.79,-0.61,-0.14,-0.1,Female,19
Race,katie,ian race katie_7,2,1358,0.96,1.18,-0.02,-0.75,0.62,0.41,0.13,Female,21
Race,katie,ian race katie_8,2,1512,0.96,0.01,0.38,0.41,0.3,0.39,0.16,Male,18
Race,katie,ian race katie_9,1,1104,0.97,0.71,-0.37,0.09,-0.32,-0.12,0.2,Female,23
Race,katie,ian race katie_11,2,1205,0.99,0.39,-0.27,0.06,-0.15,-0.04,0.02,Female,23
Race,katie,ian race katie_12,2,1484,0.97,0.63,0.67,0.01,0.16,0.23,0.57,Male,52
Race,katie,ian race katie_13,1,1333,0.97,1.23,-0.25,-0.12,-0.07,0.25,0.19,,
Race,katie,ian race katie_14,1,1181,0.96,0.26,0.04,-0.48,-0.11,0.03,-0.17,,
Race,katie,ian race katie_15,2,1698,0.96,0.33,0.69,-0.18,0.24,0.13,0.47,Male,20
Race,katie,ian race katie_16,2,1693,0.98,0.38,0.16,-0.51,-0.37,0.05,-0.25,Male,43
Race,katie,ian race katie_17,1,1732,0.95,-0.1,0.18,-0.07,-0.08,0.12,-0.06,Female,22
Race,katie,ian race katie_18,1,1911,0.92,0.66,0.22,0.08,0.47,0.31,0.47,,
Race,katie,ian race katie_19,2,1499,0.97,0.03,-0.21,-0.58,-0.43,-0.19,-0.31,Female,21
Race,katie,ian race katie_20,2,1703,0.97,-0.11,0.1,-0.15,0.38,-0.09,0.12,Female,32
Race,katie,ian race katie_21,1,1167,0.95,0.72,-0.34,-0.37,-0.39,-0.08,-0.12,Female,22
Race,katie,ian race katie_22,1,1842,0.97,-0.24,-0.49,-0.26,-0.31,-0.48,-0.21,Male,38
Race,katie,ian race katie_24,2,1983,0.95,0.22,0.07,0.02,0.06,0.13,0.17,Male,20
Race,katie,ian race katie_25,1,1532,0.95,0.34,-0.19,-0.7,-0.41,-0.06,-0.37,Female,35
Race,katie,ian race katie_26,1,1328,0.98,0.93,-0.22,-0.27,-0.09,0.46,-0.35,Female,35
Race,katie,ian race katie_27,2,1748,0.95,0.65,0.29,0.27,0.12,0.43,0.11,Male,36
Race,katie,ian race katie_28,2,1523,0.95,0.23,0.29,-0.21,0.21,0.25,-0.06,,
Race,katie,ian race katie_29,1,1349,0.91,0.36,0.15,0.17,0.32,0.21,0.32,Male,21
Race,katie,ian race katie_30,1,1570,0.92,-0.2,0.37,-0.16,-0.34,-0.09,-0.01,,
Race,katie,ian race katie_31,2,1428,0.95,0.16,0.29,0.28,-0.08,0.08,0.18,Female,18
Race,katie,ian race katie_32,2,1534,0.94,0.1,0.54,0.2,0.27,0.31,0.26,Female,19
Race,katie,ian race katie_33,1,1647,0.95,0.08,-0.54,0.08,-0.29,-0.07,-0.17,Male,19
Race,katie,ian race katie_34,1,1303,0.95,-0.18,-0.23,0.05,0.26,0.14,-0.29,Female,23
Race,katie,ian race katie_35,2,1194,0.95,0.82,-0.01,-0.06,0.28,0.47,0.06,Female,20
Race,katie,ian race katie_36,2,1471,0.97,0.49,0.26,-0.23,0.32,0.68,-0.26,Female,19
Race,katie,ian race katie_37,1,1369,0.94,-0.01,0.25,0.06,0.24,0.22,0.12,Male,42
Race,katie,ian race katie_38,1,1804,0.9,0.33,0.4,-0.07,0.34,0.59,-0.15,Female,22
Race,katie,ian race katie_39,2,1859,0.92,0.83,0.28,0.44,0.69,0.59,0.6,Female,46
Race,katie,ian race katie_XX,1,1222,0.87,0.04,-0.41,-0.22,-0.19,0.07,-0.28,,
Non-words,Ian,ian non-words_3,1,1124,0.9,0.8,-0.289,-0.493,-0.231,,,Female,17
Non-words,Ian,ian non-words_4,2,2302,0.99,0.538,-0.529,-0.427,0.049,,,Female,43
Non-words,Ian,ian non-words_6,2,1361,0.83,0.193,0.034,-0.516,0.03,,,Female,21
Non-words,Ian,ian non-words_7,1,1744,0.97,0.069,-0.193,-0.572,-0.17,,,Female,46
Non-words,Ian,ian non-words_8,2,1112,0.93,0.29,0.227,-0.053,-0.525,,,Male,20
Non-words,Ian,ian non-words_9,1,1169,0.87,0.273,0.818,0.33,0.62,,,Female,21
Non-words,Ian,ian non-words_10,2,909,0.94,0.722,-0.236,-0.132,-0.309,,,Female,20
Non-words,Ian,ian non-words_11,1,1671,0.97,0.548,0.376,-0.009,0.328,,,Female,21
Non-words,Ian,ian non-words_12,2,1033,0.93,-0.157,-0.044,-0.15,0.396,,,Female,20
Non-words,Ian,ian non-words_13,1,1251,1,0.406,-0.252,0.441,0.013,,,Female,21
Non-words,Ian,ian non-words_14,2,1073,0.88,0.134,0.12,-0.855,-0.028,,,Female,20
Non-words,Ian,ian non-words_15,1,1925,0.98,0.966,-0.739,0.022,-0.139,,,Female,49
Non-words,Ian,ian non-words_16,2,775,0.96,0.952,0.041,0.049,0.558,,,Female,22
Non-words,Ian,ian non-words_17,1,1307,0.99,0.718,-0.492,0.208,0.454,,,Female,21
Non-words,Ian,ian non-words_18,2,1200,0.98,0.217,-0.706,-0.389,-0.117,,,Female,41
Non-words,Ian,ian non-words_19,1,1321,0.95,1.287,1.214,-0.32,-0.331,,,Male,22
Non-words,Ian,ian non-words_44,2,1158,0.98,0.011,0.185,0.133,-0.828,,,Female,21
Non-words,Ian,ian non-words_45,1,1110,0.9,0.073,-0.357,-0.687,-0.466,,,Female,20
Non-words,Ian,ian non-words_46,2,788,0.94,0.065,0.186,-0.218,0.254,,,Female,21
Non-words,Ian,ian non-words_47,1,1056,0.9,-0.069,0.673,-0.687,-0.338,,,Female,20
Non-words,Ian,ian non-words_48,2,1772,0.9,0.952,0.045,-0.164,0.337,,,Female,21
Non-words,Ian,ian non-words_49,1,1148,0.88,0.131,0.414,-0.809,-0.015,,,Female,19
Non-words,Ian,ian non-words_51,1,1015,0.92,0.015,0.265,0.102,0.494,,,Female,23
Non-words,Ian,ian non-words_52,2,908,0.87,0.941,-0.091,0.763,-0.627,,,Female,23
Death,Emma,ian death emma_4,2,1140,0.94,-0.53,0.86,0.07,0.21,0.19,0.02,Female,20
Death,Emma,ian death emma_5,1,2219,0.92,0.36,0.6,-0.19,-0.21,0.29,0.04,Female,20
Death,Emma,ian death emma_7,1,989,0.93,0.15,0.29,-1.01,-0.64,-0.23,-0.54,Female,18
Death,Emma,ian death emma_8,2,1269,0.98,1.06,-0.47,-0.8,0.2,0.17,-0.08,Female,20
Death,Emma,ian death emma_9,1,1263,0.97,0.38,-0.02,-0.26,0.28,0.15,0.08,Male,19
Death,Emma,ian death emma_10,2,1242,0.92,0.28,-0.87,0.2,-0.26,-0.37,0.09,Female,20
Death,Emma,ian death emma_11,1,1553,0.88,-0.22,-0.24,-0.98,-0.1,-0.45,-0.3,Female,19
Death,Emma,ian death emma_12,2,1356,0.94,-0.27,-0.25,-0.13,0.1,-0.23,-0.09,Male,19
Death,Emma,ian death emma_13,1,1961,0.92,0.46,0.33,0.59,-0.02,0.28,0.34,Female,21
Death,Emma,ian death emma_15,1,1164,0.94,0.05,-0.23,-0.4,-0.22,-0.45,-0.34,Female,26
Death,Emma,ian death emma_16,2,1193,0.98,0.74,-0.12,-0.95,-0.26,-0.2,-0.19,Female,21
Death,Emma,ian death emma_17,1,1219,0.92,0.99,0.67,-0.62,-0.27,0.25,0.51,Female,20
Death,Emma,ian death emma_18,2,1481,0.89,0.32,-0.01,-0.43,-0.09,0.19,-0.36,Female,21
Death,Emma,ian death emma_20,2,1135,0.95,0.98,-0.07,-0.97,0.72,0.17,0.17,Female,19
Death,Emma,ian death emma_21,1,1332,0.97,0.32,-0.25,0.17,-0.17,0.1,0.04,Female,19
Death,Emma,ian death emma_22,2,1152,0.95,-0.29,0.57,0.17,-0.48,-0.13,0.03,Female,21
Death,Emma,ian death emma_24,2,1920,0.93,0.29,-0.38,-0.58,0.29,-0.35,0.27,Female,20
Death,Emma,ian death emma_25,1,1358,0.89,0.41,0.72,-0.34,0.5,0.44,0.56,Female,18
Death,Emma,ian death emma_26,2,1421,0.96,0.68,0.06,0.66,-0.17,0.16,0.36,Female,21
Death,Emma,ian death emma_27,1,1360,0.94,0.32,0.42,-0.41,0.26,0.01,0.42,Female,21
Death,Emma,ian death emma_28,2,1722,0.91,0.23,0.26,-0.21,-0.98,-0.16,0.02,Female,42
Death,Emma,ian death emma_29,1,1256,0.95,0.41,0.52,-0.31,-0.14,0.27,0.02,Female,19
Death,Emma,ian death emma_30,2,1381,0.99,1.07,0.86,-0.5,-0.31,0.25,0.4,Female,28
Death,Emma,ian death emma_31,1,1496,0.92,0.02,0.03,-0.4,-0.02,0.03,-0.34,Male,21
Death,Emma,ian death emma_32,2,2026,0.93,0,0.81,0.09,0.54,-0.22,0.5,Female,20
Death,Emma,ian death emma_33,1,1410,0.88,0.47,-0.2,-0.37,0.94,0.49,0.03,Male,20
Death,Emma,ian death emma_34,2,1325,0.92,0.88,0.3,0.29,0.35,0.41,0.55,Male,18
Death,Emma,ian death emma_36,2,1296,0.94,-0.04,-0.41,-0.97,-0.42,-0.61,-0.32,Female,21
Death,Emma,ian death emma_37,1,1255,0.95,0.2,0.55,-0.03,-0.13,0.03,0.25,Female,21
Death,Emma,ian death emma_38,2,1515,0.82,0.6,1,0.13,0.83,0.63,0.64,Male,18
Death,Emma,ian death emma_39,1,1441,0.93,-0.24,-0.13,-0.27,0.01,-0.11,-0.08,Male,21
Death,Emma,ian death emma_41,1,1041,0.97,0.62,0.8,-0.42,0.09,0.08,0.41,Female,18
Death,Emma,ian death emma_42,2,1213,0.96,0.28,-0.12,0.79,-0.18,0.33,-0.08,Female,19
Death,Emma,ian death emma_43,1,1257,0.88,0.09,-0.37,-0.62,-0.48,-0.52,0.14,Female,21
Death,Emma,ian death emma_44,2,1463,0.87,-0.1,0.14,-0.72,-0.16,-0.41,-0.03,Female,21
Death,Emma,ian death emma_45,1,1119,0.96,0.46,0.74,-1,-0.66,-0.03,-0.04,Female,21
Death,Emma,ian death emma_46,2,936,0.98,0.43,0.11,0.27,0.47,0.31,0.31,Female,21
Death,Emma,ian death emma_48,2,1058,0.97,0.82,-0.26,-0.53,0.12,-0.17,0.15,Female,21
Death,Emma,ian death emma_49,1,1159,0.97,0.03,-0.24,-0.73,-0.06,-0.42,0.12,Female,25
Death,Emma,ian death emma_50,2,1049,0.95,0.25,0.4,0.18,1.35,0.58,0.48,Male,21
Death,June,ian death june_2,2,1370,0.84,0.41,0.2,0.66,-0.02,0.32,0.28,Female,20
Death,June,ian death june_3,1,1670,0.92,-0.48,0.4,0.4,0.01,-0.06,0,Male,19
Death,June,ian death june_4,2,2067,0.93,-0.32,0.06,0.14,-0.28,0.2,-0.22,Female,21
Death,June,ian death june_5,1,1214,0.94,-0.11,0.07,-0.26,0.5,-0.02,0.04,Female,19
Death,June,ian death june_7,1,1561,0.94,0.26,-0.41,-0.41,0.08,-0.08,0.45,Female,20
Death,June,ian death june_9,1,1205,0.91,0.27,0.05,-0.45,0.09,0.09,0.03,Female,21
Death,June,ian death june_10,2,1616,0.94,0.62,0.18,0.22,0.24,0.06,0.61,Female,18
Death,June,ian death june_12,2,1326,0.93,0.34,-0.38,-1.34,0.53,0.2,-0.69,Female,28
Death,June,ian death june_13,1,1191,0.96,0.86,0.56,0.2,0.34,0.42,0.46,Male,21
Death,June,ian death june_15,1,2252,0.9,-0.17,-0.02,-0.37,-0.46,-0.14,-0.24,Female,21
Death,June,ian death june_16,2,1522,0.85,-0.09,-0.14,-0.83,0.16,-0.03,-0.42,Female,18
Death,June,ian death june_17,1,1528,0.88,0.15,0.15,-0.35,0.11,0.08,-0.23,Male,18
Death,June,ian death june_18,2,1604,0.87,-0.4,0.6,-0.37,-1.12,-0.06,-0.57,Male,20
Death,June,ian death june_20,2,1770,0.87,-0.47,-1.11,-0.36,-0.05,-0.42,-0.62,Male,21
Death,June,ian death june_21,1,1428,0.83,-0.33,0.12,-0.57,-0.66,-0.35,-0.61,Male,20
Death,June,ian death june_22,2,1655,0.93,0.78,0.89,0.35,-0.07,0.22,1.07,Female,21
Death,June,ian death june_23,1,1262,0.92,-0.33,-0.28,-0.47,0.16,-0.33,-0.18,Female,20
Death,June,ian death june_24,2,1559,0.89,0.22,0.27,-0.58,-0.87,-0.16,-0.38,Female,21
Death,June,ian death june_25,1,1287,0.96,0.92,1.13,-0.88,-0.9,0.22,0.16,Female,21
Death,June,ian death june_26,2,1617,0.95,0.61,0.18,-0.67,0.89,0.43,0.17,Female,19
Death,June,ian death june_27,1,1226,0.91,0.1,-0.26,-0.49,0.64,0.31,-0.15,Female,20
Death,June,ian death june_28,2,1884,0.98,-0.42,-0.04,-0.22,-0.18,-0.29,-0.15,Male,21
Death,June,ian death june_29,1,1590,0.98,0.63,0.42,0.15,0.11,0.31,0.42,Male,20
Death,June,ian death june_31,1,1352,0.95,-0.26,-0.61,-0.07,0.62,-0.17,0,Male,21
Death,June,ian death june_32,2,1917,0.91,0.59,-0.09,0.28,0.52,-0.06,0.61,Female,20
Death,June,ian death june_33,1,1079,0.89,0.53,-0.47,-0.43,-0.04,-0.21,-0.21,Female,21
Death,June,ian death june_35,1,1155,0.96,0.47,-0.56,-0.93,0.04,-0.26,0.02,Female,20
Death,June,ian death june_36,2,1627,0.94,0.25,0.56,-0.31,0.08,0.48,-0.08,Male,19
Death,June,ian death june_37,1,1308,0.91,0.32,0.53,0.33,0.37,0.53,0.24,Female,21
Death,June,ian death june_39,1,1888,0.97,-0.05,0.02,-0.37,0.37,-0.06,0.01,Female,20
Death,June,ian death june_40,2,1261,0.87,-0.26,-0.31,0.19,0.88,0.04,0.31,Female,19
Death,June,ian death june_42,2,1270,0.93,0.77,0.81,-0.46,0.18,0.4,0.09,Female,21
Death,June,ian death june_43,1,1139,0.92,-0.2,-0.28,-0.56,0.53,0.01,-0.32,Female,20
Death,June,ian death june_44,2,1332,0.98,0.72,0,0.26,0.5,0.57,0.31,Male,20
Death,June,ian death june_48,2,1381,0.98,-0.17,-0.31,-0.03,0.29,0.2,-0.17,Female,20
Death,June,ian death june_50,2,1877,0.96,0.45,0.07,-0.33,-0.04,-0.26,0.41,Male,19
Death,June,ian death june_51,1,1339,0.97,-0.25,-0.18,-0.61,-1.15,-0.71,-0.4,Male,21
Death,June,ian death june_52,2,1648,0.87,-0.59,0.39,0.38,0.04,0.39,-0.38,Female,22
Death,June,ian death june_54,2,1223,0.97,-0.27,0.63,-0.1,0.26,-0.12,0.53,,
Death,June,ian death june_54,2,1269,0.95,0.8,0.33,0.21,0.28,0.45,0.61,,
Death,June,ian death june_55,1,1577,0.84,-0.06,0.11,-0.03,-0.56,0.1,-0.22,Female,20
Death,June,ian death june_57,1,1121,0.99,0.03,-0.66,-0.19,0.35,-0.34,0.26,Female,29
Death,June,ian death june_62,2,907,0.96,0.45,-0.44,0.17,-0.72,0.06,-0.31,Female,21
Death,June,ian death june_65,1,996,0.94,0.65,-0.42,-0.94,0.2,-0.35,0.01,Female,21
Death,June,ian death june_66,2,1542,0.88,0.17,0.12,0.01,0.23,0.32,-0.44,Female,18
Death,June,ian death june_70,2,1213,0.99,0.66,0.52,-0.5,0.67,0.23,0.27,Male,32
Death,Tarah,ian death tarah_2,1,1323,0.95,0.24,0.19,-0.38,-0.02,0.02,-0.04,Male,32
Death,Tarah,ian death tarah_3,2,1205,0.99,0.95,0.81,0.02,0.1,0.53,0.43,Female,28
Death,Tarah,ian death tarah_4,2,1172,0.98,0.8,0.67,-0.26,-0.44,0.3,0.26,Male,34
Death,Tarah,ian death tarah_5,1,1263,0.96,0.49,-0.94,0.1,-0.13,-0.06,-0.27,Male,21
Death,Tarah,ian death tarah_6,1,1400,0.93,0.51,0.18,0.49,0.36,0.29,0.54,,
Death,Tarah,ian death tarah_6,2,1562,0.95,0.61,0.97,-0.48,-0.59,0.18,0.13,,
Death,Tarah,ian death tarah_7,2,785,0.97,0.5,-0.05,-0.46,-0.49,0.2,-0.22,Female,34
Death,Tarah,ian death tarah_9,2,1719,0.99,0.73,-0.45,0.29,-0.11,0.13,0.09,Female,20
Death,Tarah,ian death tarah_10,1,1577,0.96,0.23,0.62,0.49,-0.78,-0.09,0.13,Female,38
Death,Tarah,ian death tarah_12,2,1136,0.94,-0.12,-0.36,0.18,0.48,0.1,-0.26,Female,28
Death,Tarah,ian death tarah_13,1,1672,0.9,0.75,0.01,-0.46,-0.01,0.21,-0.01,Male,24
Death,Tarah,ian death tarah_14,1,1908,0.9,0.72,0.7,0.37,0.62,0.75,-0.12,Male,43
Death,Tarah,ian death tarah_15,2,1482,0.97,0.92,0.49,-0.57,0,0.19,-0.05,Female,18
Death,Tarah,ian death tarah_16,2,1420,0.97,0.93,0.25,-0.97,-0.44,0.12,-0.36,Male,19
Death,Tarah,ian death tarah_17,2,1590,0.97,0.76,0.73,-0.35,-0.06,0.21,0.12,Female,18
Death,Tarah,ian death tarah_18,1,1394,0.91,0.66,0.4,-0.52,-0.97,-0.16,0.16,Male,31
Death,Tarah,ian death tarah_19,1,1033,0.99,1.05,0.3,-0.79,0.36,0.6,-0.07,Female,43
Death,Tarah,ian death tarah_20,2,1553,0.98,0.09,0.52,-0.34,-0.19,0.65,-0.51,Male,27
Death,Tarah,ian death tarah_21,1,1428,0.98,0.7,0.31,-0.33,0.38,0.02,0.74,Female,42
Death,Tarah,ian death tarah_22,1,1027,0.98,0.35,-0.42,-0.27,0.56,0.17,0.32,Female,20
Death,Tarah,ian death tarah_23,1,1440,0.98,-0.24,-0.12,-0.06,-0.22,-0.09,-0.18,Female,19
Death,Tarah,ian death tarah_24,1,1749,0.94,0.38,-0.41,-0.03,0.07,-0.06,-0.18,Male,25
Death,Tarah,ian death tarah_26,1,1572,0.88,0.82,0.71,0.34,0.24,0.17,0.88,Female,21
Death,Tarah,ian death tarah_27,2,1540,0.93,0.33,-0.41,-0.14,-0.25,0.1,-0.24,Male,46
Death,Tarah,ian death tarah_28,2,2039,0.93,0.4,0.53,-0.28,0.02,0.56,-0.09,Male,31
Death,Tarah,ian death tarah_29,1,1160,0.86,0.8,0.31,-0.43,-1.19,-0.24,-0.09,Male,39
Death,Tarah,ian death tarah_30,1,1164,0.96,0.47,-0.11,-0.02,-0.62,-0.1,-0.39,Female,31
Death,Tarah,ian death tarah_31,2,1222,0.99,-0.2,-0.2,0.19,0.15,-0.02,0.14,Male,19
Death,Tarah,ian death tarah_32,2,1088,0.98,0.94,0.03,0.01,-0.05,0.5,-0.04,Female,21
Death,Tarah,ian death tarah_33,1,1471,0.97,1.03,-0.06,-0.87,-0.14,-0.2,-0.05,Male,51
Death,Tarah,ian death tarah_34,1,759,0.97,0.65,-0.32,-0.2,-0.34,-0.21,0.3,Female,20
Death,Tarah,ian death tarah_35,2,949,0.93,0.91,-0.6,-0.92,0.5,-0.27,0.11,Female,21
Death,Tarah,ian death tarah_36,2,1401,0.86,0.83,0.3,-0.55,-0.05,-0.24,0.54,Male,19
Death,Tarah,ian death tarah_37,1,1295,0.9,0.35,-0.22,-0.64,0.31,-0.32,0.03,Female,31
Death,Tarah,ian death tarah_38,1,1317,0.9,0.24,-0.03,-0.05,-0.26,-0.28,0.44,Female,21
Death,Tarah,ian death tarah_39,2,1054,0.97,0.29,0.58,0.32,0.18,-0.08,0.73,Female,20
Death,Tarah,ian death tarah_40,2,1790,0.97,-0.37,-0.09,-0.32,-0.09,0.06,-0.64,,
Death,Tarah,ian death tarah_40,2,1242,0.95,1.28,0.36,-0.35,0.11,0.44,0.36,,
Death,Tarah,ian death tarah_42,1,967,0.97,0.56,0.82,0.28,0.27,0.38,0.36,Female,19
Death,Tarah,ian death tarah_44,1,1110,0.94,-0.02,0.04,0.31,0.32,0.1,0.27,Female,21